STRUCTURE,STRUCTURE_ID,ACTION,FREQ,FREQ_LABEL,REF_AREA,REF_AREA_LABEL,INDICATOR,INDICATOR_LABEL,SEX,SEX_LABEL,AGE,AGE_LABEL,URBANISATION,URBANISATION_LABEL,UNIT_MEASURE,UNIT_MEASURE_LABEL,COMP_BREAKDOWN_1,COMP_BREAKDOWN_1_LABEL,COMP_BREAKDOWN_2,COMP_BREAKDOWN_2_LABEL,COMP_BREAKDOWN_3,COMP_BREAKDOWN_3_LABEL,TIME_PERIOD,OBS_VALUE,AGG_METHOD,AGG_METHOD_LABEL,DATABASE_ID,DATABASE_ID_LABEL,UNIT_MULT,UNIT_MULT_LABEL,UNIT_TYPE,UNIT_TYPE_LABEL,TIME_FORMAT,TIME_FORMAT_LABEL,OBS_STATUS,OBS_STATUS_LABEL,OBS_CONF,OBS_CONF_LABEL,prev_value
datastructure,WB.DATA360:DS_DATA360(1.2),I,A,Annual,WLD,World,UNCTAD_DE_DIG_SERVTRADE_ANN_EXP,International exports in digitally-deliverable services,_T,Total,_T,All age ranges or no breakdown by age,_T,Total,USD,US dollars,_Z,Not Applicable,_Z,Not Applicable,_Z,Not Applicable,2011,2099551.0,SUM,Sum,UNCTAD_DE,Digital Economy and Technology,6,Millions,CUR,Currency,602,CCYY,A,Normal value,PU,Public,1835732.0
datastructure,WB.DATA360:DS_DATA360(1.2),I,A,Annual,WLD,World,UNCTAD_DE_DIG_SERVTRADE_ANN_EXP,International exports in digitally-deliverable services,_T,Total,_T,All age ranges or no breakdown by age,_T,Total,USD,US dollars,_Z,Not Applicable,_Z,Not Applicable,_Z,Not Applicable,2012,2178859.0,SUM,Sum,UNCTAD_DE,Digital Economy and Technology,6,Millions,CUR,Currency,602,CCYY,A,Normal value,PU,Public,2099551.0
datastructure,WB.DATA360:DS_DATA360(1.2),I,A,Annual,WLD,World,UNCTAD_DE_DIG_SERVTRADE_ANN_EXP,International exports in digitally-deliverable services,_T,Total,_T,All age ranges or no breakdown by age,_T,Total,USD,US dollars,_Z,Not Applicable,_Z,Not Applicable,_Z,Not Applicable,2013,2338419.0,SUM,Sum,UNCTAD_DE,Digital Economy and Technology,6,Millions,CUR,Currency,602,CCYY,A,Normal value,PU,Public,2178859.0
datastructure,WB.DATA360:DS_DATA360(1.2),I,A,Annual,WLD,World,UNCTAD_DE_DIG_SERVTRADE_ANN_EXP,International exports in digitally-deliverable services,_T,Total,_T,All age ranges or no breakdown by age,_T,Total,USD,US dollars,_Z,Not Applicable,_Z,Not Applicable,_Z,Not Applicable,2014,2553608.0,SUM,Sum,UNCTAD_DE,Digital Economy and Technology,6,Millions,CUR,Currency,602,CCYY,A,Normal value,PU,Public,2338419.0
datastructure,WB.DATA360:DS_DATA360(1.2),I,A,Annual,WLD,World,UNCTAD_DE_DIG_SERVTRADE_ANN_EXP,International exports in digitally-deliverable services,_T,Total,_T,All age ranges or no breakdown by age,_T,Total,USD,US dollars,_Z,Not Applicable,_Z,Not Applicable,_Z,Not Applicable,2015,2482052.0,SUM,Sum,UNCTAD_DE,Digital Economy and Technology,6,Millions,CUR,Currency,602,CCYY,A,Normal value,PU,Public,2553608.0
datastructure,WB.DATA360:DS_DATA360(1.2),I,A,Annual,WLD,World,UNCTAD_DE_DIG_SERVTRADE_ANN_EXP,International exports in digitally-deliverable services,_T,Total,_T,All age ranges or no breakdown by age,_T,Total,USD,US dollars,_Z,Not Applicable,_Z,Not Applicable,_Z,Not Applicable,2016,2574647.0,SUM,Sum,UNCTAD_DE,Digital Economy and Technology,6,Millions,CUR,Currency,602,CCYY,A,Normal value,PU,Public,2482052.0
datastructure,WB.DATA360:DS_DATA360(1.2),I,A,Annual,WLD,World,UNCTAD_DE_DIG_SERVTRADE_ANN_EXP,International exports in digitally-deliverable services,_T,Total,_T,All age ranges or no breakdown by age,_T,Total,USD,US dollars,_Z,Not Applicable,_Z,Not Applicable,_Z,Not Applicable,2017,2800594.0,SUM,Sum,UNCTAD_DE,Digital Economy and Technology,6,Millions,CUR,Currency,602,CCYY,A,Normal value,PU,Public,2574647.0
datastructure,WB.DATA360:DS_DATA360(1.2),I,A,Annual,WLD,World,UNCTAD_DE_DIG_SERVTRADE_ANN_EXP,International exports in digitally-deliverable services,_T,Total,_T,All age ranges or no breakdown by age,_T,Total,USD,US dollars,_Z,Not Applicable,_Z,Not Applicable,_Z,Not Applicable,2018,3112957.0,SUM,Sum,UNCTAD_DE,Digital Economy and Technology,6,Millions,CUR,Currency,602,CCYY,A,Normal value,PU,Public,2800594.0
datastructure,WB.DATA360:DS_DATA360(1.2),I,A,Annual,WLD,World,UNCTAD_DE_DIG_SERVTRADE_ANN_EXP,International exports in digitally-deliverable services,_T,Total,_T,All age ranges or no breakdown by age,_T,Total,USD,US dollars,_Z,Not Applicable,_Z,Not Applicable,_Z,Not Applicable,2019,3274737.0,SUM,Sum,UNCTAD_DE,Digital Economy and Technology,6,Millions,CUR,Currency,602,CCYY,A,Normal value,PU,Public,3112957.0
datastructure,WB.DATA360:DS_DATA360(1.2),I,A,Annual,WLD,World,UNCTAD_DE_DIG_SERVTRADE_ANN_EXP,International exports in digitally-deliverable services,_T,Total,_T,All age ranges or no breakdown by age,_T,Total,USD,US dollars,_Z,Not Applicable,_Z,Not Applicable,_Z,Not Applicable,2020,3324128.0,SUM,Sum,UNCTAD_DE,Digital Economy and Technology,6,Millions,CUR,Currency,602,CCYY,A,Normal value,PU,Public,3274737.0
datastructure,WB.DATA360:DS_DATA360(1.2),I,A,Annual,WLD,World,UNCTAD_DE_DIG_SERVTRADE_ANN_EXP,International exports in digitally-deliverable services,_T,Total,_T,All age ranges or no breakdown by age,_T,Total,USD,US dollars,_Z,Not Applicable,_Z,Not Applicable,_Z,Not Applicable,2021,3905260.0,SUM,Sum,UNCTAD_DE,Digital Economy and Technology,6,Millions,CUR,Currency,602,CCYY,A,Normal value,PU,Public,3324128.0
datastructure,WB.DATA360:DS_DATA360(1.2),I,A,Annual,WLD,World,UNCTAD_DE_DIG_SERVTRADE_ANN_EXP,International exports in digitally-deliverable services,_T,Total,_T,All age ranges or no breakdown by age,_T,Total,USD,US dollars,_Z,Not Applicable,_Z,Not Applicable,_Z,Not Applicable,2022,4083964.0,SUM,Sum,UNCTAD_DE,Digital Economy and Technology,6,Millions,CUR,Currency,602,CCYY,A,Normal value,PU,Public,3905260.0
datastructure,WB.DATA360:DS_DATA360(1.2),I,A,Annual,WLD,World,UNCTAD_DE_DIG_SERVTRADE_ANN_EXP,International exports in digitally-deliverable services,_T,Total,_T,All age ranges or no breakdown by age,_T,Total,USD,US dollars,_Z,Not Applicable,_Z,Not Applicable,_Z,Not Applicable,2023,4462457.0,SUM,Sum,UNCTAD_DE,Digital Economy and Technology,6,Millions,CUR,Currency,602,CCYY,A,Normal value,PU,Public,4083964.0
